Review,Sentiment
Poor quality,Negative
Very satisfied,Positive
Very satisfied,Positive
Very satisfied,Positive
Excellent experience,Positive
Excellent experience,Positive
Good quality product,Positive
Excellent experience,Positive
Very satisfied,Positive
Very satisfied,Positive
Very satisfied,Positive
Bad service,Negative
Very slow response,Negative
Not satisfied,Negative
Not satisfied,Negative
Not satisfied,Negative
Bad service,Negative
Great service,Positive
Very satisfied,Positive
Poor quality,Negative
Great service,Positive
Excellent experience,Positive
Very satisfied,Positive
Very satisfied,Positive
Good quality product,Positive
Excellent experience,Positive
Poor quality,Negative
Great service,Positive
Not satisfied,Negative
Poor quality,Negative
Great service,Positive
Good quality product,Positive
Great service,Positive
Great service,Positive
Very satisfied,Positive
Great service,Positive
Very slow response,Negative
Very satisfied,Positive
Good quality product,Positive
Not satisfied,Negative
Not satisfied,Negative
Very slow response,Negative
Good quality product,Positive
Excellent experience,Positive
Good quality product,Positive
Bad service,Negative
Good quality product,Positive
Good quality product,Positive
Great service,Positive
Excellent experience,Positive
Very slow response,Negative
Poor quality,Negative
Not satisfied,Negative
Poor quality,Negative
Not satisfied,Negative
Excellent experience,Positive
Not satisfied,Negative
Good quality product,Positive
Great service,Positive
Great service,Positive
Great service,Positive
Excellent experience,Positive
Bad service,Negative
Poor quality,Negative
Bad service,Negative
Bad service,Negative
Excellent experience,Positive
Poor quality,Negative
Very satisfied,Positive
Not satisfied,Negative
Good quality product,Positive
Very satisfied,Positive
Good quality product,Positive
Great service,Positive
Excellent experience,Positive
Very satisfied,Positive
Bad service,Negative
Poor quality,Negative
Good quality product,Positive
Very satisfied,Positive
Not satisfied,Negative
Poor quality,Negative
Excellent experience,Positive
Very satisfied,Positive
Very satisfied,Positive
Very slow response,Negative
Good quality product,Positive
Great service,Positive
Not satisfied,Negative
Very slow response,Negative
Good quality product,Positive
Great service,Positive
Very satisfied,Positive
Very satisfied,Positive
Poor quality,Negative
Poor quality,Negative
Very satisfied,Positive
Very satisfied,Positive
Poor quality,Negative
Great service,Positive
Good quality product,Positive
Very slow response,Negative
Very satisfied,Positive
Excellent experience,Positive
Excellent experience,Positive
Good quality product,Positive
Not satisfied,Negative
Excellent experience,Positive
Very satisfied,Positive
Excellent experience,Positive
Very slow response,Negative
Excellent experience,Positive
Excellent experience,Positive
Great service,Positive
Great service,Positive
Great service,Positive
Excellent experience,Positive
Very slow response,Negative
Very satisfied,Positive
Excellent experience,Positive
Good quality product,Positive
Poor quality,Negative
Good quality product,Positive
Excellent experience,Positive
Great service,Positive
Good quality product,Positive
Great service,Positive
Poor quality,Negative
Very satisfied,Positive
Excellent experience,Positive
Very satisfied,Positive
Excellent experience,Positive
Good quality product,Positive
Great service,Positive
Excellent experience,Positive
Poor quality,Negative
Good quality product,Positive
Good quality product,Positive
Not satisfied,Negative
Very satisfied,Positive
Very satisfied,Positive
Bad service,Negative
Excellent experience,Positive
Great service,Positive
Excellent experience,Positive
Poor quality,Negative
Excellent experience,Positive
Very satisfied,Positive
Excellent experience,Positive
Great service,Positive
Very satisfied,Positive
Good quality product,Positive
Very satisfied,Positive
Good quality product,Positive
Great service,Positive
Great service,Positive
Very satisfied,Positive
Poor quality,Negative
Poor quality,Negative
Excellent experience,Positive
Great service,Positive
Good quality product,Positive
Not satisfied,Negative
Excellent experience,Positive
Very satisfied,Positive
Great service,Positive
Good quality product,Positive
Poor quality,Negative
Great service,Positive
Great service,Positive
Very satisfied,Positive
Very satisfied,Positive
Excellent experience,Positive
Excellent experience,Positive
Very satisfied,Positive
Very satisfied,Positive
Not satisfied,Negative
Good quality product,Positive
Good quality product,Positive
Poor quality,Negative
Very satisfied,Positive
Bad service,Negative
Bad service,Negative
Great service,Positive
Great service,Positive
Bad service,Negative
Great service,Positive
Great service,Positive
Good quality product,Positive
Poor quality,Negative
Great service,Positive
Poor quality,Negative
Very satisfied,Positive
Good quality product,Positive
Very slow response,Negative
Very satisfied,Positive
Very slow response,Negative
Bad service,Negative
Great service,Positive
Bad service,Negative
Not satisfied,Negative
Very slow response,Negative
Not satisfied,Negative
Great service,Positive
Poor quality,Negative
Very satisfied,Positive
Very satisfied,Positive
Excellent experience,Positive
Not satisfied,Negative
Bad service,Negative
Great service,Positive
Great service,Positive
Good quality product,Positive
Very slow response,Negative
Good quality product,Positive
Excellent experience,Positive
Poor quality,Negative
Very satisfied,Positive
Excellent experience,Positive
Excellent experience,Positive
Very slow response,Negative
Good quality product,Positive
Very satisfied,Positive
Great service,Positive
Good quality product,Positive
Poor quality,Negative
Not satisfied,Negative
Great service,Positive
Good quality product,Positive
Excellent experience,Positive
Good quality product,Positive
Great service,Positive
Excellent experience,Positive
Great service,Positive
Poor quality,Negative
Good quality product,Positive
Not satisfied,Negative
Great service,Positive
Excellent experience,Positive
Very slow response,Negative
Excellent experience,Positive
Not satisfied,Negative
Excellent experience,Positive
Excellent experience,Positive
Poor quality,Negative
Very slow response,Negative
Good quality product,Positive
Great service,Positive
Very satisfied,Positive
Excellent experience,Positive
Good quality product,Positive
Great service,Positive
Very satisfied,Positive
Great service,Positive
Good quality product,Positive
Very slow response,Negative
Great service,Positive
Not satisfied,Negative
Very satisfied,Positive
Great service,Positive
Very satisfied,Positive
Excellent experience,Positive
Great service,Positive
Great service,Positive
Good quality product,Positive
Bad service,Negative
Good quality product,Positive
Very satisfied,Positive
Very satisfied,Positive
Poor quality,Negative
Very satisfied,Positive
Very satisfied,Positive
Bad service,Negative
Very satisfied,Positive
Excellent experience,Positive
Very satisfied,Positive
Excellent experience,Positive
Very slow response,Negative
Excellent experience,Positive
Very slow response,Negative
Good quality product,Positive
Excellent experience,Positive
Very satisfied,Positive
Poor quality,Negative
Very satisfied,Positive
Very satisfied,Positive
Great service,Positive
Excellent experience,Positive
Bad service,Negative
Poor quality,Negative
Not satisfied,Negative
Bad service,Negative
Very satisfied,Positive
Bad service,Negative
Bad service,Negative
Very slow response,Negative
Poor quality,Negative
Excellent experience,Positive
Very slow response,Negative
Great service,Positive
Great service,Positive
Excellent experience,Positive
Very slow response,Negative
Poor quality,Negative
Excellent experience,Positive
Not satisfied,Negative
Good quality product,Positive
Very satisfied,Positive
Good quality product,Positive
Not satisfied,Negative
Great service,Positive
Very satisfied,Positive
Very slow response,Negative
Great service,Positive
Excellent experience,Positive
Great service,Positive
Great service,Positive
Excellent experience,Positive
Very satisfied,Positive
Great service,Positive
Very satisfied,Positive
Very satisfied,Positive
Good quality product,Positive
Excellent experience,Positive
Great service,Positive
Great service,Positive
Excellent experience,Positive
Excellent experience,Positive
Very satisfied,Positive
Very satisfied,Positive
Great service,Positive
Great service,Positive
Not satisfied,Negative
Not satisfied,Negative
Very satisfied,Positive
Good quality product,Positive
Very slow response,Negative
Very satisfied,Positive
Not satisfied,Negative
Poor quality,Negative
Excellent experience,Positive
Great service,Positive
Bad service,Negative
Poor quality,Negative
Excellent experience,Positive
Great service,Positive
Very satisfied,Positive
Bad service,Negative
Poor quality,Negative
Very slow response,Negative
Great service,Positive
Very slow response,Negative
Bad service,Negative
Great service,Positive
Good quality product,Positive
Very satisfied,Positive
Bad service,Negative
Good quality product,Positive
Excellent experience,Positive
Excellent experience,Positive
Not satisfied,Negative
Good quality product,Positive
Excellent experience,Positive
Great service,Positive
Very satisfied,Positive
Very satisfied,Positive
Great service,Positive
Great service,Positive
Good quality product,Positive
Good quality product,Positive
Poor quality,Negative
Bad service,Negative
Great service,Positive
Excellent experience,Positive
Poor quality,Negative
Excellent experience,Positive
Very satisfied,Positive
Excellent experience,Positive
Great service,Positive
Good quality product,Positive
Not satisfied,Negative
Great service,Positive
Very satisfied,Positive
Excellent experience,Positive
Good quality product,Positive
Good quality product,Positive
Bad service,Negative
Poor quality,Negative
Bad service,Negative
Good quality product,Positive
Very satisfied,Positive
Very satisfied,Positive
Very satisfied,Positive
Very satisfied,Positive
Great service,Positive
Not satisfied,Negative
Very slow response,Negative
Excellent experience,Positive
Great service,Positive
Excellent experience,Positive
Good quality product,Positive
Good quality product,Positive
Good quality product,Positive
Good quality product,Positive
Very slow response,Negative
Good quality product,Positive
Good quality product,Positive
Good quality product,Positive
Very satisfied,Positive
Very slow response,Negative
Excellent experience,Positive
Good quality product,Positive
Very satisfied,Positive
Not satisfied,Negative
Very satisfied,Positive
Very slow response,Negative
Great service,Positive
Not satisfied,Negative
Excellent experience,Positive
Good quality product,Positive
Excellent experience,Positive
Excellent experience,Positive
Very satisfied,Positive
Very satisfied,Positive
Bad service,Negative
Very satisfied,Positive
Not satisfied,Negative
Very slow response,Negative
Not satisfied,Negative
Very slow response,Negative
Very satisfied,Positive
Great service,Positive
Poor quality,Negative
Great service,Positive
Great service,Positive
Good quality product,Positive
Excellent experience,Positive
Good quality product,Positive
Bad service,Negative
Great service,Positive
Very slow response,Negative
Excellent experience,Positive
Poor quality,Negative
Very slow response,Negative
Great service,Positive
Good quality product,Positive
Very satisfied,Positive
Poor quality,Negative
Great service,Positive
Excellent experience,Positive
Great service,Positive
Good quality product,Positive
Very satisfied,Positive
Excellent experience,Positive
Great service,Positive
Great service,Positive
Great service,Positive
Good quality product,Positive
Good quality product,Positive
Very satisfied,Positive
Great service,Positive
Excellent experience,Positive
Poor quality,Negative
Excellent experience,Positive
Poor quality,Negative
Good quality product,Positive
Great service,Positive
Not satisfied,Negative
Bad service,Negative
Bad service,Negative
Very satisfied,Positive
Bad service,Negative
Very slow response,Negative
Great service,Positive
Very slow response,Negative
Very satisfied,Positive
Very satisfied,Positive
Very satisfied,Positive
Great service,Positive
Very satisfied,Positive
Not satisfied,Negative
Good quality product,Positive
Good quality product,Positive
Not satisfied,Negative
Great service,Positive
Very satisfied,Positive
Great service,Positive
Excellent experience,Positive
Great service,Positive
Very satisfied,Positive
Very satisfied,Positive
Very slow response,Negative
Great service,Positive
Poor quality,Negative
Very slow response,Negative
Very satisfied,Positive
Very satisfied,Positive
Very slow response,Negative
Great service,Positive
Excellent experience,Positive
